fold,preproc,best_hp,intervals,fold_pred_mean,fold_pred_std,fold_rmse,chain,n_estimators,learning_rate,max_depth,min_child_weight,gamma,subsample,colsample_bytree,reg_alpha,reg_lambda
0,EMSC,"(50, 0.001, 10, 10, 0.5, 0.5, 1.0, 1.0, 5.0)",,0.5487031936645508,0.0,0.013839198335449221,EMSC,50,0.001,10,10,0.5,0.5,1.0,1.0,5.0
1,EMSC,"(50, 0.001, 2, 1, 0.41453456127631216, 1.0, 1.0, 1.0, 2.200179719001525)",,0.5553101897239685,0.0,0.5129136067239685,EMSC,50,0.001,2,1,0.41453456127631216,1.0,1.0,1.0,2.200179719001525
2,EMSC,"(50, 0.001, 10, 10, 0.5, 0.5, 0.5, 1.0, 1.0)",,0.556991457939148,0.0,0.34975920806085203,EMSC,50,0.001,10,10,0.5,0.5,0.5,1.0,1.0
3,EMSC,"(50, 0.001, 10, 10, 0.5, 0.5, 0.5, 1.0, 5.0)",,0.5490294694900513,0.0,0.01854743050994878,EMSC,50,0.001,10,10,0.5,0.5,0.5,1.0,5.0
4,EMSC,"(50, 0.001, 2, 10, 0.5, 0.5, 1.0, 1.0, 1.0)",,0.5468253493309021,0.0,0.22705898766909793,EMSC,50,0.001,2,10,0.5,0.5,1.0,1.0,1.0
5,EMSC,"(50, 0.001, 10, 10, 0.5, 1.0, 1.0, 1.0, 1.0)",,0.5609714984893799,0.00037428276846185327,0.4680510154893799,EMSC,50,0.001,10,10,0.5,1.0,1.0,1.0,1.0
6,EMSC,"(50, 0.001, 10, 1, 0.4586381752905272, 1.0, 1.0, 1.0, 5.0)",,0.5570824146270752,0.0,0.058373843627075206,EMSC,50,0.001,10,1,0.4586381752905272,1.0,1.0,1.0,5.0
7,EMSC,"(50, 0.001, 10, 1, 0.5, 1.0, 0.5, 1.0, 5.0)",,0.5612584352493286,0.0,0.2838790742493286,EMSC,50,0.001,10,1,0.5,1.0,0.5,1.0,5.0
8,EMSC,"(50, 0.001, 5, 10, 0.4029440477825959, 0.9223441373440224, 0.664718194334882, 1.0, 5.0)",,0.5706056952476501,0.0,0.35261806224765013,EMSC,50,0.001,5,10,0.4029440477825959,0.9223441373440224,0.664718194334882,1.0,5.0
9,EMSC,"(50, 0.001, 10, 10, 0.5, 0.5, 1.0, 1.0, 1.0)",,0.5482784509658813,0.0,0.015348547965881365,EMSC,50,0.001,10,10,0.5,0.5,1.0,1.0,1.0
10,EMSC,"(50, 0.001, 2, 10, 0.5, 1.0, 1.0, 1.0, 5.0)",,0.5613677501678467,0.0,0.1796322498321533,EMSC,50,0.001,2,10,0.5,1.0,1.0,1.0,5.0
0,EMSC+SNV,"(65, 0.0010512153340695586, 4, 7, 0.4926853109829337, 0.5582116252805831, 0.9378388730620811, 0.7834814376238751, 4.410228116564714)",,0.5505363941192627,0.00435792887583375,0.012005997880737307,EMSC+SNV,65,0.0010512153340695586,4,7,0.4926853109829337,0.5582116252805831,0.9378388730620811,0.7834814376238751,4.410228116564714
1,EMSC+SNV,"(50, 0.001, 2, 10, 0.5, 1.0, 0.5, 1.0, 5.0)",,0.5555517673492432,0.0,0.5131551843492431,EMSC+SNV,50,0.001,2,10,0.5,1.0,0.5,1.0,5.0
2,EMSC+SNV,"(50, 0.001, 10, 10, 0.5, 0.5, 1.0, 1.0, 5.0)",,0.5572353601455688,0.0,0.34951530585443114,EMSC+SNV,50,0.001,10,10,0.5,0.5,1.0,1.0,5.0
3,EMSC+SNV,"(50, 0.001, 2, 1, 0.5, 0.5, 1.0, 0.0, 1.0)",,0.5523821115493774,0.000695891329087317,0.01519478845062261,EMSC+SNV,50,0.001,2,1,0.5,0.5,1.0,0.0,1.0
4,EMSC+SNV,"(50, 0.001, 10, 1, 0.43439209589520966, 0.6248440200355299, 0.5, 0.0, 5.0)",,0.5391284227371216,0.0010188397718593478,0.23475591426287845,EMSC+SNV,50,0.001,10,1,0.43439209589520966,0.6248440200355299,0.5,0.0,5.0
5,EMSC+SNV,"(500, 0.001, 10, 1, 0.5, 0.5, 0.5, 1.0, 5.0)",,0.49738290905952454,0.014018013142049313,0.40446242605952454,EMSC+SNV,500,0.001,10,1,0.5,0.5,0.5,1.0,5.0
6,EMSC+SNV,"(50, 0.001, 10, 1, 0.5, 0.5, 1.0, 0.0, 5.0)",,0.5540712475776672,7.960003858897835e-05,0.05536267657766725,EMSC+SNV,50,0.001,10,1,0.5,0.5,1.0,0.0,5.0
7,EMSC+SNV,"(50, 0.001, 2, 10, 0.5, 1.0, 1.0, 1.0, 1.0)",,0.5588111281394958,0.0,0.28143176713949586,EMSC+SNV,50,0.001,2,10,0.5,1.0,1.0,1.0,1.0
8,EMSC+SNV,"(50, 0.001, 10, 1, 0.5, 1.0, 0.5, 0.0, 5.0)",,0.5561651587486267,0.010519634932279587,0.3381775257486267,EMSC+SNV,50,0.001,10,1,0.5,1.0,0.5,0.0,5.0
9,EMSC+SNV,"(50, 0.001, 10, 1, 0.5, 1.0, 1.0, 1.0, 5.0)",,0.5533586144447327,0.0,0.020428711444732683,EMSC+SNV,50,0.001,10,1,0.5,1.0,1.0,1.0,5.0
10,EMSC+SNV,"(50, 0.001, 10, 10, 0.3960434711063781, 0.6787664101168694, 0.5927875906532211, 0.0, 4.14797268727418)",,0.5562110543251038,0.00613386882469058,0.18478894567489623,EMSC+SNV,50,0.001,10,10,0.3960434711063781,0.6787664101168694,0.5927875906532211,0.0,4.14797268727418
0,,"(50, 0.001, 2, 1, 0.5, 1.0, 1.0, 1.0, 5.0)",,0.5493670701980591,0.0029452780727297068,0.01317532180194092,none,50,0.001,2,1,0.5,1.0,1.0,1.0,5.0
1,,"(50, 0.001, 10, 1, 0.3984026537226272, 0.5, 1.0, 1.0, 4.05847740481561)",,0.5604068636894226,0.002214577980339527,0.5180102806894226,none,50,0.001,10,1,0.3984026537226272,0.5,1.0,1.0,4.05847740481561
2,,"(50, 0.001, 10, 10, 0.47271834393044576, 1.0, 0.5, 1.0, 5.0)",,0.5563705563545227,0.0,0.3503801096454773,none,50,0.001,10,10,0.47271834393044576,1.0,0.5,1.0,5.0
3,,"(50, 0.001, 2, 10, 0.5, 1.0, 0.5, 1.0, 5.0)",,0.5492284297943115,0.0,0.018348470205688527,none,50,0.001,2,10,0.5,1.0,0.5,1.0,5.0
4,,"(50, 0.001, 10, 10, 0.5, 0.5, 0.9262057746399761, 1.0, 5.0)",,0.5447457432746887,0.0,0.2291385937253113,none,50,0.001,10,10,0.5,0.5,0.9262057746399761,1.0,5.0
5,,"(50, 0.001, 10, 10, 0.4630225521368877, 0.5, 0.5, 0.3750396617432672, 1.0)",,0.5616190433502197,0.007173832505941391,0.46869856035021973,none,50,0.001,10,10,0.4630225521368877,0.5,0.5,0.3750396617432672,1.0
6,,"(50, 0.001, 10, 1, 0.3210519444973458, 0.5, 0.5, 1.0, 1.0)",,0.5513560771942139,8.521848212694749e-05,0.05264750619421388,none,50,0.001,10,1,0.3210519444973458,0.5,0.5,1.0,1.0
7,,"(50, 0.001, 10, 1, 0.5, 0.5, 1.0, 1.0, 1.0)",,0.5549625158309937,0.0008804655517451465,0.27758315483099366,none,50,0.001,10,1,0.5,0.5,1.0,1.0,1.0
8,,"(50, 0.001, 2, 1, 0.5, 0.5, 1.0, 1.0, 5.0)",,0.560310423374176,0.006353103555738926,0.342322790374176,none,50,0.001,2,1,0.5,0.5,1.0,1.0,5.0
9,,"(50, 0.001, 10, 1, 0.5, 0.5, 0.5, 1.0, 1.0)",,0.5501676797866821,6.774858047720045e-05,0.017237776786682146,none,50,0.001,10,1,0.5,0.5,0.5,1.0,1.0
10,,"(50, 0.001, 2, 10, 0.5, 0.5, 1.0, 1.0, 1.0)",,0.5541228652000427,0.00713288364931941,0.18687713479995727,none,50,0.001,2,10,0.5,0.5,1.0,1.0,1.0
0,Normalization,"(50, 0.001, 4, 1, 0.37193442480823136, 0.5, 0.9698778384087898, 0.9737339392492487, 4.112784843624983)",,0.5500841736793518,0.0022250362671911716,0.012458218320648196,Normalization,50,0.001,4,1,0.37193442480823136,0.5,0.9698778384087898,0.9737339392492487,4.112784843624983
1,Normalization,"(50, 0.001, 8, 1, 0.5, 0.9143509771340385, 0.5946325376246244, 0.24787234301570163, 4.743214213957756)",,0.5576269030570984,0.003959714900702238,0.5152303200570983,Normalization,50,0.001,8,1,0.5,0.9143509771340385,0.5946325376246244,0.24787234301570163,4.743214213957756
2,Normalization,"(50, 0.001, 2, 1, 0.5, 0.5, 1.0, 0.0, 1.0)",,0.5582345724105835,0.0,0.3485160935894165,Normalization,50,0.001,2,1,0.5,0.5,1.0,0.0,1.0
3,Normalization,"(50, 0.001, 2, 1, 0.37537687253318947, 0.5, 1.0, 1.0, 5.0)",,0.5520182847976685,0.00040527398232370615,0.015558615202331594,Normalization,50,0.001,2,1,0.37537687253318947,0.5,1.0,1.0,5.0
4,Normalization,"(50, 0.001, 10, 10, 0.5, 0.5, 0.8810390828220561, 0.8977759609171118, 5.0)",,0.5417826771736145,0.0,0.23210165982638553,Normalization,50,0.001,10,10,0.5,0.5,0.8810390828220561,0.8977759609171118,5.0
5,Normalization,"(50, 0.001, 10, 1, 0.4953211758035631, 0.5, 1.0, 0.0, 3.3148651182386266)",,0.5570492148399353,0.0009239432401955128,0.4641287318399353,Normalization,50,0.001,10,1,0.4953211758035631,0.5,1.0,0.0,3.3148651182386266
6,Normalization,"(59, 0.0014087182229577582, 8, 5, 0.16826209010913087, 0.6339697429530546, 0.7556349560004814, 0.7823073041656249, 3.9873049141860855)",,0.5425476431846619,0.00022522658400703222,0.043839072184661876,Normalization,59,0.0014087182229577582,8,5,0.16826209010913087,0.6339697429530546,0.7556349560004814,0.7823073041656249,3.9873049141860855
7,Normalization,"(50, 0.001, 7, 1, 0.4026857288523825, 0.6190573213040503, 0.9741613283600659, 1.0, 1.4940881424879882)",,0.5596038699150085,0.00039883004501461983,0.28222450891500855,Normalization,50,0.001,7,1,0.4026857288523825,0.6190573213040503,0.9741613283600659,1.0,1.4940881424879882
8,Normalization,"(50, 0.001, 2, 10, 0.5, 0.5, 1.0, 1.0, 5.0)",,0.5568130016326904,0.0040203966200351715,0.3388253686326904,Normalization,50,0.001,2,10,0.5,0.5,1.0,1.0,5.0
9,Normalization,"(50, 0.001, 10, 10, 0.5, 1.0, 0.5, 1.0, 5.0)",,0.5535799264907837,0.00208642496727407,0.02065002349078371,Normalization,50,0.001,10,10,0.5,1.0,0.5,1.0,5.0
10,Normalization,"(50, 0.001, 10, 1, 0.2872602980040479, 0.5, 0.7495240703696335, 1.0, 4.514900637122251)",,0.5556952953338623,0.007576394826173782,0.1853047046661377,Normalization,50,0.001,10,1,0.2872602980040479,0.5,0.7495240703696335,1.0,4.514900637122251
0,Second Derivative,"(50, 0.001, 2, 1, 0.5, 1.0, 0.9001765071703082, 0.9282069507747644, 1.0021600478135566)",,0.5473214387893677,7.374699634965509e-05,0.015220953210632326,Second Derivative,50,0.001,2,1,0.5,1.0,0.9001765071703082,0.9282069507747644,1.0021600478135566
1,Second Derivative,"(50, 0.001, 2, 10, 0.5, 0.5, 1.0, 1.0, 5.0)",,0.5621253848075867,0.002778245136141777,0.5197288018075866,Second Derivative,50,0.001,2,10,0.5,0.5,1.0,1.0,5.0
2,Second Derivative,"(50, 0.001, 10, 1, 0.5, 0.5, 0.5, 1.0, 5.0)",,0.5498194694519043,0.0009435371030122042,0.3569311965480957,Second Derivative,50,0.001,10,1,0.5,0.5,0.5,1.0,5.0
3,Second Derivative,"(50, 0.001, 6, 1, 0.5, 0.648603082996337, 0.5, 1.0, 2.8265277148803976)",,0.5482929944992065,0.000657359603792429,0.019283905500793508,Second Derivative,50,0.001,6,1,0.5,0.648603082996337,0.5,1.0,2.8265277148803976
4,Second Derivative,"(50, 0.001, 2, 1, 0.5, 0.5077296283339268, 1.0, 0.782460991171881, 3.455124022781089)",,0.5445989370346069,0.00044316716957837343,0.2292853999653931,Second Derivative,50,0.001,2,1,0.5,0.5077296283339268,1.0,0.782460991171881,3.455124022781089
5,Second Derivative,"(50, 0.001, 10, 1, 0.5, 0.5, 1.0, 1.0, 1.0)",,0.5626405477523804,0.007116512395441532,0.4697200647523804,Second Derivative,50,0.001,10,1,0.5,0.5,1.0,1.0,1.0
6,Second Derivative,"(50, 0.001, 2, 10, 0.5, 0.5, 0.5, 0.0, 5.0)",,0.5502746105194092,0.0008335813763551414,0.05156603951940919,Second Derivative,50,0.001,2,10,0.5,0.5,0.5,0.0,5.0
7,Second Derivative,"(500, 0.001, 10, 1, 0.5, 0.5, 0.5, 0.0, 5.0)",,0.5064408183097839,0.007328832522034645,0.22906145730978394,Second Derivative,500,0.001,10,1,0.5,0.5,0.5,0.0,5.0
8,Second Derivative,"(50, 0.001, 10, 1, 0.5, 0.5, 0.5, 0.0, 5.0)",,0.5604369044303894,0.006415677722543478,0.3424492714303894,Second Derivative,50,0.001,10,1,0.5,0.5,0.5,0.0,5.0
9,Second Derivative,"(50, 0.001, 2, 1, 0.4547732399620578, 1.0, 1.0, 0.39996885006550215, 5.0)",,0.5498459339141846,0.0053475359454751015,0.016916030914184588,Second Derivative,50,0.001,2,1,0.4547732399620578,1.0,1.0,0.39996885006550215,5.0
10,Second Derivative,"(50, 0.001, 2, 1, 0.35652025556897493, 1.0, 1.0, 0.0, 1.0)",,0.551886796951294,0.005492604803293943,0.18911320304870605,Second Derivative,50,0.001,2,1,0.35652025556897493,1.0,1.0,0.0,1.0
0,SNV,"(50, 0.001, 10, 1, 0.5, 0.5, 1.0, 1.0, 1.0)",,0.5514905452728271,0.0032202103175222874,0.011051846727172854,SNV,50,0.001,10,1,0.5,0.5,1.0,1.0,1.0
1,SNV,"(50, 0.001, 10, 10, 0.5, 0.5, 1.0, 0.0, 5.0)",,0.5560200214385986,0.0028396942652761936,0.5136234384385986,SNV,50,0.001,10,10,0.5,0.5,1.0,0.0,5.0
2,SNV,"(50, 0.001, 2, 1, 0.5, 0.9808412260787036, 0.7797799384843207, 0.9150207563754952, 4.355332898512156)",,0.557642936706543,0.0,0.349107729293457,SNV,50,0.001,2,1,0.5,0.9808412260787036,0.7797799384843207,0.9150207563754952,4.355332898512156
3,SNV,"(149, 0.001, 10, 1, 0.31621977711246335, 1.0, 0.8605786001352346, 0.784154774766211, 5.0)",,0.5363368391990662,0.00036291248397901654,0.03124006080093389,SNV,149,0.001,10,1,0.31621977711246335,1.0,0.8605786001352346,0.784154774766211,5.0
4,SNV,"(50, 0.001, 10, 1, 0.3588959565869907, 0.5054192432919826, 1.0, 0.8073501399657662, 3.4579676715992367)",,0.5392510294914246,0.0004076025215908885,0.23463330750857547,SNV,50,0.001,10,1,0.3588959565869907,0.5054192432919826,1.0,0.8073501399657662,3.4579676715992367
5,SNV,"(50, 0.001, 10, 1, 0.5, 0.5, 1.0, 1.0, 1.0)",,0.5559031963348389,0.002771770115941763,0.46298271333483887,SNV,50,0.001,10,1,0.5,0.5,1.0,1.0,1.0
6,SNV,"(50, 0.001, 2, 1, 0.4566812700503062, 0.5769493019806118, 1.0, 0.0, 1.0)",,0.5535473823547363,6.726637366227806e-05,0.05483881135473634,SNV,50,0.001,2,1,0.4566812700503062,0.5769493019806118,1.0,0.0,1.0
7,SNV,"(50, 0.001, 10, 10, 0.5, 0.5, 0.5, 0.0, 1.0)",,0.5589691996574402,0.00030061090365052223,0.2815898386574402,SNV,50,0.001,10,10,0.5,0.5,0.5,0.0,1.0
8,SNV,"(50, 0.001, 2, 3, 0.42189403988630514, 0.6328044236759187, 0.9524340615088545, 0.7612875725859594, 1.2625572890082946)",,0.557094156742096,0.00957285426557064,0.33910652374209593,SNV,50,0.001,2,3,0.42189403988630514,0.6328044236759187,0.9524340615088545,0.7612875725859594,1.2625572890082946
9,SNV,"(50, 0.001, 2, 1, 0.5, 1.0, 1.0, 0.0, 1.0)",,0.552554190158844,0.0,0.01962428715884401,SNV,50,0.001,2,1,0.5,1.0,1.0,0.0,1.0
10,SNV,"(50, 0.001, 2, 2, 0.13192474063901483, 0.5, 0.865891058388701, 0.21474697792465153, 5.0)",,0.5543238520622253,0.007924225181341171,0.18667614793777465,SNV,50,0.001,2,2,0.13192474063901483,0.5,0.865891058388701,0.21474697792465153,5.0
0,SNV+Second Derivative,"(50, 0.001, 10, 1, 0.5, 0.5, 0.5, 1.0, 5.0)",,0.5503690242767334,0.0019258836982771754,0.012173367723266604,SNV+Second Derivative,50,0.001,10,1,0.5,0.5,0.5,1.0,5.0
1,SNV+Second Derivative,"(50, 0.001, 2, 1, 0.5, 0.5, 1.0, 1.0, 5.0)",,0.5631611347198486,0.0032929140143096447,0.5207645517198486,SNV+Second Derivative,50,0.001,2,1,0.5,0.5,1.0,1.0,5.0
2,SNV+Second Derivative,"(50, 0.001, 10, 10, 0.5, 0.5, 1.0, 1.0, 5.0)",,0.5463861227035522,0.0010323977330699563,0.36036454329644774,SNV+Second Derivative,50,0.001,10,10,0.5,0.5,1.0,1.0,5.0
3,SNV+Second Derivative,"(50, 0.001, 10, 10, 0.5, 1.0, 1.0, 1.0, 1.0)",,0.5469412803649902,0.003126022405922413,0.020635619635009816,SNV+Second Derivative,50,0.001,10,10,0.5,1.0,1.0,1.0,1.0
4,SNV+Second Derivative,"(50, 0.001, 10, 10, 0.5, 1.0, 1.0, 1.0, 5.0)",,0.5442811250686646,0.0030053334776312113,0.22960321193133548,SNV+Second Derivative,50,0.001,10,10,0.5,1.0,1.0,1.0,5.0
5,SNV+Second Derivative,"(50, 0.001, 10, 10, 0.5, 0.5, 0.5, 1.0, 5.0)",,0.5591976046562195,0.0013356755953282118,0.4662771216562195,SNV+Second Derivative,50,0.001,10,10,0.5,0.5,0.5,1.0,5.0
6,SNV+Second Derivative,"(50, 0.001, 10, 1, 0.5, 1.0, 0.5, 1.0, 5.0)",,0.5516829490661621,0.004668328911066055,0.05297437806616212,SNV+Second Derivative,50,0.001,10,1,0.5,1.0,0.5,1.0,5.0
7,SNV+Second Derivative,"(50, 0.001, 10, 1, 0.5, 0.5, 1.0, 1.0, 1.0)",,0.553502082824707,0.0006087027140893042,0.27612272182470704,SNV+Second Derivative,50,0.001,10,1,0.5,0.5,1.0,1.0,1.0
8,SNV+Second Derivative,"(50, 0.001, 10, 10, 0.5, 0.5, 1.0, 1.0, 1.0)",,0.5596402287483215,0.0016085024690255523,0.3416525957483215,SNV+Second Derivative,50,0.001,10,10,0.5,0.5,1.0,1.0,1.0
9,SNV+Second Derivative,"(50, 0.001, 10, 1, 0.5, 0.5, 1.0, 1.0, 1.0)",,0.5522217154502869,0.0031709796749055386,0.019291812450286883,SNV+Second Derivative,50,0.001,10,1,0.5,0.5,1.0,1.0,1.0
10,SNV+Second Derivative,"(50, 0.001, 10, 10, 0.5, 0.5, 1.0, 1.0, 5.0)",,0.552108645439148,0.0032254615798592567,0.18889135456085204,SNV+Second Derivative,50,0.001,10,10,0.5,0.5,1.0,1.0,5.0
